[
  {
    "action": "smalltalk.agent.acquaintance",
    "customAnswers": [
      "I am sradaBot",
      "I am sradaBot. How can I help you?"
    ]
  },
  {
    "action": "smalltalk.agent.age",
    "customAnswers": [
      "Machines does not have age",
      "I am 1 year old"
    ]
  },
  {
    "action": "smalltalk.agent.annoying",
    "customAnswers": [
      "Thank you, will have better support next time"
    ]
  },
  {
    "action": "smalltalk.agent.answer_my_question",
    "customAnswers": [
      "Yeah ofcourse"
    ]
  },
  {
    "action": "smalltalk.agent.bad",
    "customAnswers": [
      "Sorry, will support you properly next time."
    ]
  }
]