[
  {
    "id": "e7ae115e-3c6f-4519-8bf8-b7caffafa7f2",
    "data": [
      {
        "text": "could you order pizza ",
        "userDefined": false
      },
      {
        "text": "here",
        "meta": "@sys.address",
        "alias": "address",
        "userDefined": true
      }
    ],
    "isTemplate": false,
    "count": 0,
    "lang": "en",
    "updated": 0
  },
  {
    "id": "892c9353-0b73-4b7e-b651-45b296b5bf85",
    "data": [
      {
        "text": "could you order me pizza ",
        "userDefined": false
      },
      {
        "text": "now",
        "meta": "@sys.date-time",
        "alias": "date-time",
        "userDefined": true
      },
      {
        "text": "?",
        "userDefined": false
      }
    ],
    "isTemplate": false,
    "count": 0,
    "lang": "en",
    "updated": 0
  },
  {
    "id": "8eda820d-fadd-4e82-a1f5-97c46b1c6651",
    "data": [
      {
        "text": "could you order me ",
        "userDefined": false
      },
      {
        "text": "small size",
        "meta": "@size",
        "alias": "size",
        "userDefined": true
      },
      {
        "text": " pizza",
        "userDefined": false
      }
    ],
    "isTemplate": false,
    "count": 0,
    "lang": "en",
    "updated": 0
  },
  {
    "id": "c923b7c9-db45-453c-bd92-db200dbcc7f5",
    "data": [
      {
        "text": "could you order me a pizza in the mobile number of ",
        "userDefined": false
      },
      {
        "text": "9384570903",
        "meta": "@sys.phone-number",
        "alias": "phone-number",
        "userDefined": true
      }
    ],
    "isTemplate": false,
    "count": 0,
    "lang": "en",
    "updated": 0
  },
  {
    "id": "b0349434-a0e1-4e06-9c7c-eaa9a21eb0d3",
    "data": [
      {
        "text": "could you order me a pizza to the mailid ",
        "userDefined": false
      },
      {
        "text": "arisradad2003@gmail.com",
        "meta": "@sys.email",
        "alias": "email",
        "userDefined": true
      }
    ],
    "isTemplate": false,
    "count": 0,
    "lang": "en",
    "updated": 0
  },
  {
    "id": "1811097e-d299-49ca-a69c-f626a6749f48",
    "data": [
      {
        "text": "order me pizza",
        "userDefined": false
      }
    ],
    "isTemplate": false,
    "count": 0,
    "lang": "en",
    "updated": 0
  },
  {
    "id": "5c9cc6d9-99ac-4f2a-a80e-96d78c9e893a",
    "data": [
      {
        "text": "please order me pizza",
        "userDefined": false
      }
    ],
    "isTemplate": false,
    "count": 0,
    "lang": "en",
    "updated": 0
  }
]